{"count": 5, "results": [{"id": 1, "name": "Vulnerability 1", "description": "\nThis challenge contains a repository and a pipeline that builds the code in the repository. The pipeline has a secret flag that is used during the build process. Your task is to retrieve the flag.\n\n\nLogin: Jacob.Hall@magnusmeriksenproton.onmicrosoft.com\n\nPassword: !L1cMrErxW\n\n<a href=\"https://dev.azure.com/MagnusMEriksen\">Link</a>", "max_attempts": 0, "value": 1000, "category": "Easy", "type": "standard", "state": "visible", "requirements": null, "connection_info": null, "next_id": null}, {"id": 2, "name": "Vulnerability 2", "description": "\nTickets here tickets there, tickets everywhere. \nThe IT department is working hard to manage the development and handle tickets, but they can be a bit lazy and have a strange policy.\n\n\nLogin: Jacob.Hall@magnusmeriksenproton.onmicrosoft.com\n\nPassword: !L1cMrErxW\n\n<a href=\"https://dev.azure.com/MagnusMEriksen\">Link</a>", "max_attempts": 0, "value": 1000, "category": "Easy", "type": "standard", "state": "visible", "requirements": null, "connection_info": null, "next_id": null}, {"id": 3, "name": "Vulnerability 3", "description": "\nCredentials... Hold them safe, or else you might have to look for a needle in a haystack\n\n\nLogin: Jacob.Hall@magnusmeriksenproton.onmicrosoft.com\n\nPassword: !L1cMrErxW\n\n<a href=\"https://dev.azure.com/MagnusMEriksen\">Link</a>", "max_attempts": 0, "value": 1000, "category": "Easy", "type": "standard", "state": "visible", "requirements": null, "connection_info": null, "next_id": null}, {"id": 4, "name": "Vulnerability 4", "description": "\nThis challenge introduces artifacts. The challenge contains a repository and a pipeline that deploys a MySQL database. The pipeline contains connection details to the database. The flag is the password for the user \"Troll_Trollington\" wrapped with \"FLAG{}\".\n\n\nLogin: Jacob.Hall@magnusmeriksenproton.onmicrosoft.com\n\nPassword: !L1cMrErxW\n\n<a href=\"https://dev.azure.com/MagnusMEriksen\">Link</a>", "max_attempts": 0, "value": 1000, "category": "Medium", "type": "standard", "state": "visible", "requirements": null, "connection_info": null, "next_id": null}, {"id": 5, "name": "Vulnerability 5", "description": "\nThis challenge simulates a complete pipeline from development to customer. The CI/CD pipeline builds and pushes code to a FTP server which works as a distributer to the customers. The customer automatically downloads and runs the file from the FTP server. Your task is to retrieve the flag file from the customer.\n\n\nLogin: Jacob.Hall@magnusmeriksenproton.onmicrosoft.com\n\nPassword: !L1cMrErxW\n\n<a href=\"https://dev.azure.com/MagnusMEriksen\">Link</a>", "max_attempts": 0, "value": 1000, "category": "Hard", "type": "standard", "state": "visible", "requirements": null, "connection_info": null, "next_id": null}], "meta": {}}