{"count": 6, "results": [{"id": 1, "name": "Vulnerability 1", "description": "\nDette er f\u00f8rste challenge jippi!!\nDen er veldig morro og du kommer til \u00e5 like den\nDenne er veldig enkel\n\n\nLogin: Laura.Cooper@kcsctest.onmicrosoft.com\n\nPassword: #28PtKzVPE\n\n<a href=\"https://dev.azure.com/pulumihacking\">Link</a>", "max_attempts": 0, "value": 1000, "category": "Easy", "type": "standard", "state": "visible", "requirements": null, "connection_info": null, "next_id": null}, {"id": 2, "name": "Vulnerability 2", "description": "\nDette er andre challenge jippi!!\nDen er veldig morro og du kommer til \u00e5 like den\nDenne er veldig enkel\n\n\nLogin: Laura.Cooper@kcsctest.onmicrosoft.com\n\nPassword: #28PtKzVPE\n\n<a href=\"https://dev.azure.com/pulumihacking\">Link</a>", "max_attempts": 0, "value": 1000, "category": "Easy", "type": "standard", "state": "visible", "requirements": null, "connection_info": null, "next_id": null}, {"id": 3, "name": "Vulnerability 3", "description": "\nCredentials... Hold them safe, or else you might have to look for a needle in a haystack\n\n\nLogin: Laura.Cooper@kcsctest.onmicrosoft.com\n\nPassword: #28PtKzVPE\n\n<a href=\"https://dev.azure.com/pulumihacking\">Link</a>", "max_attempts": 0, "value": 1000, "category": "Easy", "type": "standard", "state": "visible", "requirements": null, "connection_info": null, "next_id": null}, {"id": 4, "name": "Vulnerability 4", "description": "\nDette er fjerde challenge jippi!!\nDen er veldig morro og du kommer til \u00e5 like den\nDenne er veldig enkel\n\n\nLogin: Laura.Cooper@kcsctest.onmicrosoft.com\n\nPassword: #28PtKzVPE\n\n<a href=\"https://dev.azure.com/pulumihacking\">Link</a>", "max_attempts": 0, "value": 1000, "category": "Medium", "type": "standard", "state": "visible", "requirements": null, "connection_info": null, "next_id": null}, {"id": 5, "name": "Vulnerability 5", "description": "\nDette er femte challenge jippi!!\nDen er veldig morro og du kommer til \u00e5 like den\nDenne er veldig enkel\n\n\nLogin: Laura.Cooper@kcsctest.onmicrosoft.com\n\nPassword: #28PtKzVPE\n\n<a href=\"https://dev.azure.com/pulumihacking\">Link</a>", "max_attempts": 0, "value": 1000, "category": "Hard", "type": "standard", "state": "visible", "requirements": null, "connection_info": null, "next_id": null}, {"id": 6, "name": "Vulnerability 6", "description": "\nDette er sjette challenge jippi!!\nDen er veldig morro og du kommer til \u00e5 like den\nDenne er veldig enkel\n\n\nLogin: Laura.Cooper@kcsctest.onmicrosoft.com\n\nPassword: #28PtKzVPE\n\n<a href=\"https://dev.azure.com/pulumihacking\">Link</a>", "max_attempts": 0, "value": 1000, "category": "Mega ultra vanskelig", "type": "standard", "state": "visible", "requirements": null, "connection_info": null, "next_id": null}], "meta": {}}