{"count": 5, "results": [{"id": 1, "name": "Vulnerability 1", "description": "SQL Injection", "max_attempts": 0, "value": 1000, "category": "Easy", "type": "standard", "state": "visible", "requirements": null, "connection_info": null, "next_id": null}, {"id": 2, "name": "Vulnerability 2", "description": "Cross-Site Scripting (XSS)", "max_attempts": 0, "value": 1000, "category": "Easy", "type": "standard", "state": "visible", "requirements": null, "connection_info": null, "next_id": null}, {"id": 3, "name": "Vulnerability 3", "description": "Cross-Site Request Forgery (CSRF)", "max_attempts": 0, "value": 1000, "category": "Easy", "type": "standard", "state": "visible", "requirements": null, "connection_info": null, "next_id": null}, {"id": 4, "name": "Vulnerability 4", "description": "Remote Code Execution (RCE)", "max_attempts": 0, "value": 1000, "category": "Medium", "type": "standard", "state": "visible", "requirements": null, "connection_info": null, "next_id": null}, {"id": 5, "name": "Vulnerability 5", "description": "Command Injection", "max_attempts": 0, "value": 1000, "category": "Hard", "type": "standard", "state": "visible", "requirements": null, "connection_info": null, "next_id": null}], "meta": {}}