{"count": 5, "results": [{"id": 1, "name": "Vulnerability 1", "description": "\nThis challenge contains a repository and a pipeline that builds the code in the repository. The pipeline has a secret flag that is used during the build process. Your task is to retrieve the flag.\n\n\nLogin: Jason.Wilson@bacheloroppgave2024proton.onmicrosoft.com\n\nPassword: $40JQNa7xC\n\n<a href=\"https://dev.azure.com/bachelor2024\">Link</a>", "max_attempts": 0, "value": 1000, "category": "Easy", "type": "standard", "state": "visible", "requirements": null, "connection_info": null, "next_id": null}, {"id": 2, "name": "Vulnerability 2", "description": "\nDette er andre challenge jippi!!\nDen er veldig morro og du kommer til \u00e5 like den\nDenne er veldig enkel\n\n\nLogin: Jason.Wilson@bacheloroppgave2024proton.onmicrosoft.com\n\nPassword: $40JQNa7xC\n\n<a href=\"https://dev.azure.com/bachelor2024\">Link</a>", "max_attempts": 0, "value": 1000, "category": "Easy", "type": "standard", "state": "visible", "requirements": null, "connection_info": null, "next_id": null}, {"id": 3, "name": "Vulnerability 3", "description": "\nCredentials... Hold them safe, or else you might have to look for a needle in a haystack\n\n\nLogin: Jason.Wilson@bacheloroppgave2024proton.onmicrosoft.com\n\nPassword: $40JQNa7xC\n\n<a href=\"https://dev.azure.com/bachelor2024\">Link</a>", "max_attempts": 0, "value": 1000, "category": "Easy", "type": "standard", "state": "visible", "requirements": null, "connection_info": null, "next_id": null}, {"id": 4, "name": "Vulnerability 4", "description": "\nDette er fjerde challenge jippi!!\nDen er veldig morro og du kommer til \u00e5 like den\nDenne er veldig enkel\n\n\nLogin: Jason.Wilson@bacheloroppgave2024proton.onmicrosoft.com\n\nPassword: $40JQNa7xC\n\n<a href=\"https://dev.azure.com/bachelor2024\">Link</a>", "max_attempts": 0, "value": 1000, "category": "Medium", "type": "standard", "state": "visible", "requirements": null, "connection_info": null, "next_id": null}, {"id": 5, "name": "Vulnerability 5", "description": "\nDette er femte challenge jippi!!\nDen er veldig morro og du kommer til \u00e5 like den\nDenne er veldig enkel\n\n\nLogin: Jason.Wilson@bacheloroppgave2024proton.onmicrosoft.com\n\nPassword: $40JQNa7xC\n\n<a href=\"https://dev.azure.com/bachelor2024\">Link</a>", "max_attempts": 0, "value": 1000, "category": "Hard", "type": "standard", "state": "visible", "requirements": null, "connection_info": null, "next_id": null}], "meta": {}}