{"count": 5, "results": [{"id": 1, "challenge_id": 1, "type": "static", "content": "FLAG{flag1}", "data": ""}, {"id": 2, "challenge_id": 2, "type": "static", "content": "FLAG{flag2}", "data": ""}, {"id": 3, "challenge_id": 3, "type": "static", "content": "FLAG{AAAAB3NzaC1yc2EAAAABIwAAAQEAq2A7hRGmdnm9tUDbO9IDSwBK6TbQa}", "data": ""}, {"id": 4, "challenge_id": 4, "type": "static", "content": "FLAG{flag4}", "data": ""}, {"id": 5, "challenge_id": 5, "type": "static", "content": "FLAG{flag5555555}", "data": ""}], "meta": {}}