{"count":2,"results":[{"id":1,"oauth_id":null,"name":"admin","password":"$bcrypt-sha256$v=2,t=2b,r=12$G/dbJNG30viubGNLdofrqu$RwT/9NCuZimDqbjn38ybek/TqV3CZMe","email":"admin@admin.com","type":"admin","secret":null,"website":null,"affiliation":null,"country":null,"hidden":1,"banned":0,"verified":0,"team_id":null,"created":"2024-04-12T12:38:21.651486","language":null,"bracket_id":null},{"id":2,"oauth_id":null,"name":"hacker","password":"$bcrypt-sha256$v=2,t=2b,r=12$7o2G48SePzJYPDzCI4aEKO$oD0EKmW2FhCVPo1PqU4vGa1RnNPVIcS","email":"hacker@hacker.com","type":"user","secret":null,"website":null,"affiliation":null,"country":null,"hidden":0,"banned":0,"verified":0,"team_id":null,"created":"2024-04-12T12:42:19.047051","language":null,"bracket_id":null}],"meta":{}}